{
	"type":"Live2D Expression",
    "fade_in":500,
    "fade_out":500,
    "params":
    [
        {  "id":"PARAM_EYE_BALL_Y", "val":0.2 },
		{  "id":"PARAM_BODY_Y", "val":-0.5  },
		{  "id":"PARAM_BROW_L_Y", "val":-0.2  },
		{  "id":"PARAM_BROW_R_Y", "val":-0.2  },
		{  "id":"PARAM_BROW_L_X", "val":-0.4  },
		{  "id":"PARAM_BROW_R_X", "val":-0.4  },
		{  "id":"PARAM_BROW_L_FORM", "val":-1  },
		{  "id":"PARAM_BROW_R_FORM", "val": -1  },
		{  "id":"PARAM_MOUTH_FORM", "val":-0.7 , "def":1 },
		{  "id":"PARAM_MOUTH_SIZE", "val":0.3  }
    ]
}